-- phpMyAdmin SQL Dump
-- version 5.2.0
-- https://www.phpmyadmin.net/
--
-- Host: 127.0.0.1
-- Generation Time: Dec 15, 2024 at 01:22 AM
-- Server version: 10.4.27-MariaDB
-- PHP Version: 8.2.0

SET SQL_MODE = "NO_AUTO_VALUE_ON_ZERO";
START TRANSACTION;
SET time_zone = "+00:00";


/*!40101 SET @OLD_CHARACTER_SET_CLIENT=@@CHARACTER_SET_CLIENT */;
/*!40101 SET @OLD_CHARACTER_SET_RESULTS=@@CHARACTER_SET_RESULTS */;
/*!40101 SET @OLD_COLLATION_CONNECTION=@@COLLATION_CONNECTION */;
/*!40101 SET NAMES utf8mb4 */;

--
-- Database: `ajax_form_example`
--

-- --------------------------------------------------------

--
-- Table structure for table `classes`
--

CREATE TABLE `classes` (
  `id` int(11) NOT NULL,
  `class_name` varchar(255) NOT NULL,
  `modified_at` timestamp NOT NULL DEFAULT current_timestamp() ON UPDATE current_timestamp(),
  `created_at` timestamp NOT NULL DEFAULT current_timestamp()
) ENGINE=InnoDB DEFAULT CHARSET=utf8mb4 COLLATE=utf8mb4_general_ci;

--
-- Dumping data for table `classes`
--

INSERT INTO `classes` (`id`, `class_name`, `modified_at`, `created_at`) VALUES
(1, 'Class Nursery', '2024-12-14 17:08:24', '2024-12-14 17:08:24'),
(2, 'Class One', '2024-12-14 17:08:24', '2024-12-14 17:08:24'),
(3, 'Class Two', '2024-12-14 17:08:24', '2024-12-14 17:08:24'),
(4, 'Class Three', '2024-12-14 17:08:24', '2024-12-14 17:08:24'),
(5, 'Class Four', '2024-12-14 17:08:24', '2024-12-14 17:08:24'),
(6, 'Class Five', '2024-12-14 17:08:24', '2024-12-14 17:08:24'),
(7, 'Class Six', '2024-12-14 17:08:24', '2024-12-14 17:08:24'),
(8, 'Class Seven', '2024-12-14 17:08:24', '2024-12-14 17:08:24'),
(9, 'Class Eight', '2024-12-14 17:08:24', '2024-12-14 17:08:24'),
(10, 'Class Nine', '2024-12-14 17:08:24', '2024-12-14 17:08:24'),
(11, 'Class Ten', '2024-12-14 17:08:24', '2024-12-14 17:08:24');

-- --------------------------------------------------------

--
-- Table structure for table `class_sections`
--

CREATE TABLE `class_sections` (
  `id` int(11) NOT NULL,
  `class_id` int(11) NOT NULL,
  `section_name` varchar(50) NOT NULL,
  `modified_at` timestamp NOT NULL DEFAULT current_timestamp() ON UPDATE current_timestamp(),
  `created_at` timestamp NOT NULL DEFAULT current_timestamp(),
  `shift_id` int(11) NOT NULL
) ENGINE=InnoDB DEFAULT CHARSET=utf8mb4 COLLATE=utf8mb4_general_ci;

--
-- Dumping data for table `class_sections`
--

INSERT INTO `class_sections` (`id`, `class_id`, `section_name`, `modified_at`, `created_at`, `shift_id`) VALUES
(1, 1, 'A', '2024-12-14 18:09:46', '2024-12-14 18:09:46', 1),
(2, 1, 'C', '2024-12-14 18:09:46', '2024-12-14 18:09:46', 1),
(3, 2, 'A', '2024-12-14 18:09:46', '2024-12-14 18:09:46', 1),
(4, 2, 'B', '2024-12-14 18:09:46', '2024-12-14 18:09:46', 1),
(5, 3, 'A', '2024-12-14 18:09:46', '2024-12-14 18:09:46', 1),
(6, 3, 'C', '2024-12-14 18:09:46', '2024-12-14 18:09:46', 1),
(7, 4, 'A', '2024-12-14 18:09:46', '2024-12-14 18:09:46', 1),
(8, 4, 'B', '2024-12-14 18:09:46', '2024-12-14 18:09:46', 1),
(9, 5, 'A', '2024-12-14 18:09:46', '2024-12-14 18:09:46', 1),
(10, 5, 'C', '2024-12-14 18:09:46', '2024-12-14 18:09:46', 1),
(11, 6, 'A', '2024-12-14 18:09:46', '2024-12-14 18:09:46', 1),
(12, 6, 'B', '2024-12-14 18:09:46', '2024-12-14 18:09:46', 1),
(13, 7, 'A', '2024-12-14 18:09:46', '2024-12-14 18:09:46', 1),
(14, 7, 'C', '2024-12-14 18:09:46', '2024-12-14 18:09:46', 1),
(15, 8, 'A', '2024-12-14 18:09:46', '2024-12-14 18:09:46', 1),
(16, 8, 'B', '2024-12-14 18:09:46', '2024-12-14 18:09:46', 1),
(17, 9, 'A', '2024-12-14 18:09:46', '2024-12-14 18:09:46', 1),
(18, 9, 'C', '2024-12-14 18:09:46', '2024-12-14 18:09:46', 1),
(19, 10, 'A', '2024-12-14 18:09:46', '2024-12-14 18:09:46', 1),
(20, 10, 'B', '2024-12-14 18:09:46', '2024-12-14 18:09:46', 1),
(21, 11, 'A', '2024-12-14 18:09:46', '2024-12-14 18:09:46', 1),
(22, 11, 'C', '2024-12-14 18:09:46', '2024-12-14 18:09:46', 1),
(23, 1, 'B', '2024-12-14 18:12:02', '2024-12-14 18:12:02', 1),
(24, 3, 'B', '2024-12-14 18:12:02', '2024-12-14 18:12:02', 1),
(25, 5, 'B', '2024-12-14 18:12:02', '2024-12-14 18:12:02', 1),
(26, 7, 'B', '2024-12-14 18:12:02', '2024-12-14 18:12:02', 1),
(27, 9, 'B', '2024-12-14 18:12:02', '2024-12-14 18:12:02', 1),
(28, 11, 'B', '2024-12-14 18:12:02', '2024-12-14 18:12:02', 1),
(29, 1, 'A', '2024-12-14 18:13:41', '2024-12-14 18:13:41', 2),
(30, 1, 'B', '2024-12-14 18:13:41', '2024-12-14 18:13:41', 2),
(31, 2, 'A', '2024-12-14 18:13:41', '2024-12-14 18:13:41', 2),
(32, 2, 'C', '2024-12-14 18:13:41', '2024-12-14 18:13:41', 2),
(33, 3, 'A', '2024-12-14 18:13:41', '2024-12-14 18:13:41', 2),
(34, 3, 'B', '2024-12-14 18:13:41', '2024-12-14 18:13:41', 2),
(35, 4, 'A', '2024-12-14 18:13:41', '2024-12-14 18:13:41', 2),
(36, 4, 'C', '2024-12-14 18:13:41', '2024-12-14 18:13:41', 2),
(37, 5, 'A', '2024-12-14 18:13:41', '2024-12-14 18:13:41', 2),
(38, 5, 'B', '2024-12-14 18:13:41', '2024-12-14 18:13:41', 2),
(39, 6, 'A', '2024-12-14 18:13:41', '2024-12-14 18:13:41', 2),
(40, 6, 'C', '2024-12-14 18:13:41', '2024-12-14 18:13:41', 2),
(41, 7, 'A', '2024-12-14 18:13:41', '2024-12-14 18:13:41', 2),
(42, 7, 'B', '2024-12-14 18:13:42', '2024-12-14 18:13:42', 2),
(43, 8, 'A', '2024-12-14 18:13:42', '2024-12-14 18:13:42', 2),
(44, 8, 'C', '2024-12-14 18:13:42', '2024-12-14 18:13:42', 2),
(45, 9, 'A', '2024-12-14 18:13:42', '2024-12-14 18:13:42', 2),
(46, 9, 'B', '2024-12-14 18:13:42', '2024-12-14 18:13:42', 2),
(47, 10, 'A', '2024-12-14 18:13:42', '2024-12-14 18:13:42', 2),
(48, 10, 'C', '2024-12-14 18:13:42', '2024-12-14 18:13:42', 2),
(49, 11, 'A', '2024-12-14 18:13:42', '2024-12-14 18:13:42', 2),
(50, 11, 'B', '2024-12-14 18:13:42', '2024-12-14 18:13:42', 2),
(51, 2, 'B', '2024-12-14 18:15:38', '2024-12-14 18:15:38', 2),
(52, 4, 'B', '2024-12-14 18:15:38', '2024-12-14 18:15:38', 2),
(53, 6, 'B', '2024-12-14 18:15:38', '2024-12-14 18:15:38', 2),
(54, 8, 'B', '2024-12-14 18:15:39', '2024-12-14 18:15:39', 2),
(55, 10, 'B', '2024-12-14 18:15:39', '2024-12-14 18:15:39', 2);

-- --------------------------------------------------------

--
-- Table structure for table `class_shift`
--

CREATE TABLE `class_shift` (
  `id` int(11) NOT NULL,
  `shift_name` varchar(50) NOT NULL,
  `modified_at` timestamp NOT NULL DEFAULT current_timestamp() ON UPDATE current_timestamp(),
  `created_at` timestamp NOT NULL DEFAULT current_timestamp()
) ENGINE=InnoDB DEFAULT CHARSET=utf8mb4 COLLATE=utf8mb4_general_ci;

--
-- Dumping data for table `class_shift`
--

INSERT INTO `class_shift` (`id`, `shift_name`, `modified_at`, `created_at`) VALUES
(1, 'Morning', '2024-12-14 17:47:28', '2024-12-14 17:47:28'),
(2, 'Day', '2024-12-14 17:47:28', '2024-12-14 17:47:28');

-- --------------------------------------------------------

--
-- Table structure for table `results`
--

CREATE TABLE `results` (
  `result_id` int(11) NOT NULL,
  `student_id` int(11) NOT NULL,
  `subject_id` int(11) NOT NULL,
  `class_id` int(11) NOT NULL,
  `marks` decimal(5,2) NOT NULL,
  `grade` varchar(5) DEFAULT NULL,
  `exam_type` varchar(50) DEFAULT NULL,
  `semester` varchar(20) DEFAULT NULL,
  `result_date` date DEFAULT curdate()
) ENGINE=InnoDB DEFAULT CHARSET=utf8mb4 COLLATE=utf8mb4_general_ci;

--
-- Dumping data for table `results`
--

INSERT INTO `results` (`result_id`, `student_id`, `subject_id`, `class_id`, `marks`, `grade`, `exam_type`, `semester`, `result_date`) VALUES
(25, 11, 1, 1, '50.00', 'A', 'Weekly', '1st Semester', '2024-12-15'),
(26, 12, 1, 1, '3.00', 'B', 'Weekly', '1st Semester', '2024-12-15'),
(27, 13, 1, 1, '60.00', 'C', 'Weekly', '1st Semester', '2024-12-15'),
(28, 1, 1, 1, '50.00', '', '', '', '2024-12-15'),
(29, 2, 1, 1, '0.00', '', '', '', '2024-12-15'),
(30, 3, 1, 1, '0.00', '', '', '', '2024-12-15'),
(31, 4, 1, 1, '0.00', '', '', '', '2024-12-15'),
(32, 5, 1, 1, '0.00', '', '', '', '2024-12-15'),
(33, 17, 1, 1, '60.00', 'a', 'Weekly', '1st Semester', '2024-12-15'),
(34, 18, 1, 1, '60.00', '', 'Weekly', '1st Semester', '2024-12-15'),
(35, 19, 1, 1, '67.00', '', 'Weekly', '1st Semester', '2024-12-15'),
(36, 20, 1, 1, '40.00', '', 'Weekly', '1st Semester', '2024-12-15');

-- --------------------------------------------------------

--
-- Table structure for table `site_settings`
--

CREATE TABLE `site_settings` (
  `id` int(1) NOT NULL,
  `tag` varchar(255) NOT NULL,
  `value` text NOT NULL,
  `group_name` varchar(255) NOT NULL,
  `modified_at` timestamp NOT NULL DEFAULT current_timestamp() ON UPDATE current_timestamp(),
  `created_at` timestamp NOT NULL DEFAULT current_timestamp()
) ENGINE=InnoDB DEFAULT CHARSET=utf8mb4 COLLATE=utf8mb4_general_ci;

--
-- Dumping data for table `site_settings`
--

INSERT INTO `site_settings` (`id`, `tag`, `value`, `group_name`, `modified_at`, `created_at`) VALUES
(1, 'site_title', 'x9 Pro AI', 'site_identity', '2024-10-19 19:06:15', '2024-10-12 16:53:56'),
(2, 'site_sub_title', 'Crypto Exchange Trading Group', 'site_identity', '2024-10-19 07:53:16', '2024-10-12 16:54:57'),
(3, 'site_favicon', 'site_favicon.png', 'site_identity', '2024-10-19 07:20:04', '2024-10-13 07:16:51'),
(4, 'site_logo', 'logo.png', 'site_identity', '2024-10-19 19:18:27', '2024-10-13 08:04:05'),
(5, 'site_logo_symbol', 'logo_symbol.png', 'site_identity', '2024-10-19 07:19:54', '2024-10-13 08:04:05'),
(6, 'otp_expiry', '300', 'security_config', '2024-11-10 18:39:32', '2024-10-14 12:08:50'),
(7, 'secret_key', 'omar', 'security_config', '2024-10-20 12:41:42', '2024-10-14 13:05:25'),
(8, 'smtp_host', 'smtp.hostinger.com', 'smtp_config', '2024-11-25 17:04:06', '2024-10-16 04:19:02'),
(9, 'smtp_username', 'info@x9proai.com', 'smtp_config', '2024-11-26 17:20:00', '2024-10-16 04:19:02'),
(10, 'smtp_password', '@X9proaimail@', 'smtp_config', '2024-11-26 17:20:00', '2024-10-16 04:19:02'),
(11, 'trade_camp_status', '0', '', '2024-10-26 20:22:49', '2024-10-26 15:17:54'),
(12, 'aimode_btn_disabled_time', '22:10:00', '', '2024-11-03 15:55:33', '2024-10-26 15:20:28'),
(13, 'aimode_btn', '0', '', '2024-10-26 17:01:38', '2024-10-26 15:22:09'),
(15, 'refl1_percent', '20', 'referral_comm_percent', '2024-11-05 00:28:49', '2024-11-05 00:28:49'),
(17, 'refl2_percent', '12', 'referral_comm_percent', '2024-11-05 12:08:22', '2024-11-05 12:08:11'),
(18, 'refl3_percent', '8', 'referral_comm_percent', '2024-11-05 13:02:03', '2024-11-05 12:08:11'),
(19, 'user_profit_percent', '50', 'trade_settings', '2024-11-05 14:11:24', '2024-11-05 13:11:42'),
(21, 'forgot_password_expiry', '300', 'security_config', '2024-11-10 18:37:58', '2024-11-10 18:37:58'),
(22, 'login_expiry', '90', 'security_config', '2024-11-24 11:24:51', '2024-11-24 11:24:51'),
(23, 'apk', 'x9proai-dev-version-1.0.apk', 'download_file', '2024-11-26 15:46:54', '2024-11-26 15:46:54');

-- --------------------------------------------------------

--
-- Table structure for table `students`
--

CREATE TABLE `students` (
  `id` int(11) NOT NULL,
  `name` varchar(255) NOT NULL,
  `class_id` int(11) NOT NULL,
  `shift_id` int(11) NOT NULL,
  `section_id` int(11) NOT NULL,
  `modified_at` timestamp NOT NULL DEFAULT current_timestamp() ON UPDATE current_timestamp(),
  `created_at` timestamp NOT NULL DEFAULT current_timestamp(),
  `status` varchar(50) NOT NULL DEFAULT 'Active'
) ENGINE=InnoDB DEFAULT CHARSET=utf8mb4 COLLATE=utf8mb4_general_ci;

--
-- Dumping data for table `students`
--

INSERT INTO `students` (`id`, `name`, `class_id`, `shift_id`, `section_id`, `modified_at`, `created_at`, `status`) VALUES
(1, 'Afsana', 1, 1, 1, '2024-12-14 18:56:37', '2024-12-14 18:56:37', 'Active'),
(2, 'Reshma', 1, 1, 1, '2024-12-14 18:56:37', '2024-12-14 18:56:37', 'Active'),
(3, 'Muntaha', 1, 1, 1, '2024-12-14 18:56:37', '2024-12-14 18:56:37', 'Active'),
(4, 'Aysha', 1, 1, 1, '2024-12-14 18:56:37', '2024-12-14 18:56:37', 'Active'),
(5, 'Nusrat', 1, 1, 1, '2024-12-14 18:56:37', '2024-12-14 18:56:37', 'Active'),
(6, 'Akash', 1, 2, 1, '2024-12-14 18:56:37', '2024-12-14 18:56:37', 'Active'),
(7, 'Omar', 1, 2, 1, '2024-12-14 18:56:37', '2024-12-14 18:56:37', 'Active'),
(8, 'Shihab', 1, 2, 1, '2024-12-14 18:56:37', '2024-12-14 18:56:37', 'Active'),
(9, 'Ratul', 1, 2, 1, '2024-12-14 18:56:37', '2024-12-14 18:56:37', 'Active'),
(10, 'Faizan', 1, 2, 1, '2024-12-14 18:56:37', '2024-12-14 18:56:37', 'Active'),
(11, 'Nusrat', 1, 1, 2, '2024-12-14 18:56:37', '2024-12-14 18:56:37', 'Active'),
(12, 'Muntaha', 1, 1, 2, '2024-12-14 18:56:37', '2024-12-14 18:56:37', 'Active'),
(13, 'Riya', 1, 1, 2, '2024-12-14 18:56:37', '2024-12-14 18:56:37', 'Active'),
(14, 'Yeasin', 1, 2, 2, '2024-12-14 18:56:37', '2024-12-14 18:56:37', 'Active'),
(15, 'Rocky', 1, 2, 2, '2024-12-14 18:56:37', '2024-12-14 18:56:37', 'Active'),
(16, 'Nayeem', 1, 2, 2, '2024-12-14 18:56:37', '2024-12-14 18:56:37', 'Active'),
(17, 'Maisha', 1, 1, 23, '2024-12-14 18:56:37', '2024-12-14 18:56:37', 'Active'),
(18, 'Reshma', 1, 1, 23, '2024-12-14 18:56:37', '2024-12-14 18:56:37', 'Active'),
(19, 'Muntaha', 1, 1, 23, '2024-12-14 18:56:37', '2024-12-14 18:56:37', 'Active'),
(20, 'Aysha', 1, 1, 23, '2024-12-14 18:56:37', '2024-12-14 18:56:37', 'Active'),
(21, 'Rihab', 1, 2, 23, '2024-12-14 18:56:37', '2024-12-14 18:56:37', 'Active'),
(22, 'Mamun', 1, 2, 23, '2024-12-14 18:56:37', '2024-12-14 18:56:37', 'Active'),
(23, 'Shakil', 1, 2, 23, '2024-12-14 18:56:37', '2024-12-14 18:56:37', 'Active'),
(24, 'Limon', 1, 2, 23, '2024-12-14 18:56:37', '2024-12-14 18:56:37', 'Active'),
(25, 'Afsana', 1, 1, 29, '2024-12-14 18:56:37', '2024-12-14 18:56:37', 'Active'),
(26, 'Reshma', 1, 1, 29, '2024-12-14 18:56:37', '2024-12-14 18:56:37', 'Active'),
(27, 'Muntaha', 1, 1, 29, '2024-12-14 18:56:37', '2024-12-14 18:56:37', 'Active'),
(28, 'Aysha', 1, 1, 29, '2024-12-14 18:56:37', '2024-12-14 18:56:37', 'Active'),
(29, 'Nusrat', 1, 1, 29, '2024-12-14 18:56:37', '2024-12-14 18:56:37', 'Active'),
(30, 'Akash', 1, 2, 29, '2024-12-14 18:56:37', '2024-12-14 18:56:37', 'Active'),
(31, 'Omar', 1, 2, 29, '2024-12-14 18:56:37', '2024-12-14 18:56:37', 'Active'),
(32, 'Shihab', 1, 2, 29, '2024-12-14 18:56:37', '2024-12-14 18:56:37', 'Active'),
(33, 'Ratul', 1, 2, 29, '2024-12-14 18:56:37', '2024-12-14 18:56:37', 'Active'),
(34, 'Faizan', 1, 2, 29, '2024-12-14 18:56:37', '2024-12-14 18:56:37', 'Active'),
(35, 'Maisha', 1, 1, 30, '2024-12-14 18:56:37', '2024-12-14 18:56:37', 'Active'),
(36, 'Reshma', 1, 1, 30, '2024-12-14 18:56:37', '2024-12-14 18:56:37', 'Active'),
(37, 'Muntaha', 1, 1, 30, '2024-12-14 18:56:37', '2024-12-14 18:56:37', 'Active'),
(38, 'Aysha', 1, 1, 30, '2024-12-14 18:56:37', '2024-12-14 18:56:37', 'Active'),
(39, 'Rihab', 1, 2, 30, '2024-12-14 18:56:37', '2024-12-14 18:56:37', 'Active'),
(40, 'Mamun', 1, 2, 30, '2024-12-14 18:56:37', '2024-12-14 18:56:37', 'Active'),
(41, 'Shakil', 1, 2, 30, '2024-12-14 18:56:37', '2024-12-14 18:56:37', 'Active'),
(42, 'Limon', 1, 2, 30, '2024-12-14 18:56:37', '2024-12-14 18:56:37', 'Active'),
(43, 'Afsana', 2, 1, 3, '2024-12-14 18:56:37', '2024-12-14 18:56:37', 'Active'),
(44, 'Reshma', 2, 1, 3, '2024-12-14 18:56:37', '2024-12-14 18:56:37', 'Active'),
(45, 'Muntaha', 2, 1, 3, '2024-12-14 18:56:37', '2024-12-14 18:56:37', 'Active'),
(46, 'Aysha', 2, 1, 3, '2024-12-14 18:56:37', '2024-12-14 18:56:37', 'Active'),
(47, 'Nusrat', 2, 1, 3, '2024-12-14 18:56:37', '2024-12-14 18:56:37', 'Active'),
(48, 'Akash', 2, 2, 3, '2024-12-14 18:56:37', '2024-12-14 18:56:37', 'Active'),
(49, 'Omar', 2, 2, 3, '2024-12-14 18:56:37', '2024-12-14 18:56:37', 'Active'),
(50, 'Shihab', 2, 2, 3, '2024-12-14 18:56:37', '2024-12-14 18:56:37', 'Active'),
(51, 'Ratul', 2, 2, 3, '2024-12-14 18:56:37', '2024-12-14 18:56:37', 'Active'),
(52, 'Faizan', 2, 2, 3, '2024-12-14 18:56:37', '2024-12-14 18:56:37', 'Active'),
(53, 'Maisha', 2, 1, 4, '2024-12-14 18:56:37', '2024-12-14 18:56:37', 'Active'),
(54, 'Reshma', 2, 1, 4, '2024-12-14 18:56:37', '2024-12-14 18:56:37', 'Active'),
(55, 'Muntaha', 2, 1, 4, '2024-12-14 18:56:37', '2024-12-14 18:56:37', 'Active'),
(56, 'Aysha', 2, 1, 4, '2024-12-14 18:56:37', '2024-12-14 18:56:37', 'Active'),
(57, 'Rihab', 2, 2, 4, '2024-12-14 18:56:37', '2024-12-14 18:56:37', 'Active'),
(58, 'Mamun', 2, 2, 4, '2024-12-14 18:56:37', '2024-12-14 18:56:37', 'Active'),
(59, 'Shakil', 2, 2, 4, '2024-12-14 18:56:37', '2024-12-14 18:56:37', 'Active'),
(60, 'Limon', 2, 2, 4, '2024-12-14 18:56:37', '2024-12-14 18:56:37', 'Active'),
(61, 'Afsana', 2, 1, 31, '2024-12-14 18:56:37', '2024-12-14 18:56:37', 'Active'),
(62, 'Reshma', 2, 1, 31, '2024-12-14 18:56:37', '2024-12-14 18:56:37', 'Active'),
(63, 'Muntaha', 2, 1, 31, '2024-12-14 18:56:37', '2024-12-14 18:56:37', 'Active'),
(64, 'Aysha', 2, 1, 31, '2024-12-14 18:56:37', '2024-12-14 18:56:37', 'Active'),
(65, 'Nusrat', 2, 1, 31, '2024-12-14 18:56:37', '2024-12-14 18:56:37', 'Active'),
(66, 'Akash', 2, 2, 31, '2024-12-14 18:56:37', '2024-12-14 18:56:37', 'Active'),
(67, 'Omar', 2, 2, 31, '2024-12-14 18:56:37', '2024-12-14 18:56:37', 'Active'),
(68, 'Shihab', 2, 2, 31, '2024-12-14 18:56:37', '2024-12-14 18:56:37', 'Active'),
(69, 'Ratul', 2, 2, 31, '2024-12-14 18:56:37', '2024-12-14 18:56:37', 'Active'),
(70, 'Faizan', 2, 2, 31, '2024-12-14 18:56:37', '2024-12-14 18:56:37', 'Active'),
(71, 'Nusrat', 2, 1, 32, '2024-12-14 18:56:37', '2024-12-14 18:56:37', 'Active'),
(72, 'Muntaha', 2, 1, 32, '2024-12-14 18:56:37', '2024-12-14 18:56:37', 'Active'),
(73, 'Riya', 2, 1, 32, '2024-12-14 18:56:37', '2024-12-14 18:56:37', 'Active'),
(74, 'Yeasin', 2, 2, 32, '2024-12-14 18:56:37', '2024-12-14 18:56:37', 'Active'),
(75, 'Rocky', 2, 2, 32, '2024-12-14 18:56:37', '2024-12-14 18:56:37', 'Active'),
(76, 'Nayeem', 2, 2, 32, '2024-12-14 18:56:37', '2024-12-14 18:56:37', 'Active'),
(77, 'Maisha', 2, 1, 51, '2024-12-14 18:56:37', '2024-12-14 18:56:37', 'Active'),
(78, 'Reshma', 2, 1, 51, '2024-12-14 18:56:37', '2024-12-14 18:56:37', 'Active'),
(79, 'Muntaha', 2, 1, 51, '2024-12-14 18:56:37', '2024-12-14 18:56:37', 'Active'),
(80, 'Aysha', 2, 1, 51, '2024-12-14 18:56:37', '2024-12-14 18:56:37', 'Active'),
(81, 'Rihab', 2, 2, 51, '2024-12-14 18:56:37', '2024-12-14 18:56:37', 'Active'),
(82, 'Mamun', 2, 2, 51, '2024-12-14 18:56:37', '2024-12-14 18:56:37', 'Active'),
(83, 'Shakil', 2, 2, 51, '2024-12-14 18:56:37', '2024-12-14 18:56:37', 'Active'),
(84, 'Limon', 2, 2, 51, '2024-12-14 18:56:37', '2024-12-14 18:56:37', 'Active'),
(85, 'Afsana', 3, 1, 5, '2024-12-14 18:56:37', '2024-12-14 18:56:37', 'Active'),
(86, 'Reshma', 3, 1, 5, '2024-12-14 18:56:37', '2024-12-14 18:56:37', 'Active'),
(87, 'Muntaha', 3, 1, 5, '2024-12-14 18:56:37', '2024-12-14 18:56:37', 'Active'),
(88, 'Aysha', 3, 1, 5, '2024-12-14 18:56:37', '2024-12-14 18:56:37', 'Active'),
(89, 'Nusrat', 3, 1, 5, '2024-12-14 18:56:37', '2024-12-14 18:56:37', 'Active'),
(90, 'Akash', 3, 2, 5, '2024-12-14 18:56:37', '2024-12-14 18:56:37', 'Active'),
(91, 'Omar', 3, 2, 5, '2024-12-14 18:56:37', '2024-12-14 18:56:37', 'Active'),
(92, 'Shihab', 3, 2, 5, '2024-12-14 18:56:37', '2024-12-14 18:56:37', 'Active'),
(93, 'Ratul', 3, 2, 5, '2024-12-14 18:56:37', '2024-12-14 18:56:37', 'Active'),
(94, 'Faizan', 3, 2, 5, '2024-12-14 18:56:37', '2024-12-14 18:56:37', 'Active'),
(95, 'Nusrat', 3, 1, 6, '2024-12-14 18:56:37', '2024-12-14 18:56:37', 'Active'),
(96, 'Muntaha', 3, 1, 6, '2024-12-14 18:56:37', '2024-12-14 18:56:37', 'Active'),
(97, 'Riya', 3, 1, 6, '2024-12-14 18:56:37', '2024-12-14 18:56:37', 'Active'),
(98, 'Yeasin', 3, 2, 6, '2024-12-14 18:56:37', '2024-12-14 18:56:37', 'Active'),
(99, 'Rocky', 3, 2, 6, '2024-12-14 18:56:37', '2024-12-14 18:56:37', 'Active'),
(100, 'Nayeem', 3, 2, 6, '2024-12-14 18:56:37', '2024-12-14 18:56:37', 'Active'),
(101, 'Maisha', 3, 1, 24, '2024-12-14 18:56:37', '2024-12-14 18:56:37', 'Active'),
(102, 'Reshma', 3, 1, 24, '2024-12-14 18:56:37', '2024-12-14 18:56:37', 'Active'),
(103, 'Muntaha', 3, 1, 24, '2024-12-14 18:56:37', '2024-12-14 18:56:37', 'Active'),
(104, 'Aysha', 3, 1, 24, '2024-12-14 18:56:37', '2024-12-14 18:56:37', 'Active'),
(105, 'Rihab', 3, 2, 24, '2024-12-14 18:56:37', '2024-12-14 18:56:37', 'Active'),
(106, 'Mamun', 3, 2, 24, '2024-12-14 18:56:37', '2024-12-14 18:56:37', 'Active'),
(107, 'Shakil', 3, 2, 24, '2024-12-14 18:56:37', '2024-12-14 18:56:37', 'Active'),
(108, 'Limon', 3, 2, 24, '2024-12-14 18:56:37', '2024-12-14 18:56:37', 'Active'),
(109, 'Afsana', 3, 1, 33, '2024-12-14 18:56:37', '2024-12-14 18:56:37', 'Active'),
(110, 'Reshma', 3, 1, 33, '2024-12-14 18:56:37', '2024-12-14 18:56:37', 'Active'),
(111, 'Muntaha', 3, 1, 33, '2024-12-14 18:56:37', '2024-12-14 18:56:37', 'Active'),
(112, 'Aysha', 3, 1, 33, '2024-12-14 18:56:37', '2024-12-14 18:56:37', 'Active'),
(113, 'Nusrat', 3, 1, 33, '2024-12-14 18:56:37', '2024-12-14 18:56:37', 'Active'),
(114, 'Akash', 3, 2, 33, '2024-12-14 18:56:37', '2024-12-14 18:56:37', 'Active'),
(115, 'Omar', 3, 2, 33, '2024-12-14 18:56:37', '2024-12-14 18:56:37', 'Active'),
(116, 'Shihab', 3, 2, 33, '2024-12-14 18:56:37', '2024-12-14 18:56:37', 'Active'),
(117, 'Ratul', 3, 2, 33, '2024-12-14 18:56:37', '2024-12-14 18:56:37', 'Active'),
(118, 'Faizan', 3, 2, 33, '2024-12-14 18:56:37', '2024-12-14 18:56:37', 'Active'),
(119, 'Maisha', 3, 1, 34, '2024-12-14 18:56:37', '2024-12-14 18:56:37', 'Active'),
(120, 'Reshma', 3, 1, 34, '2024-12-14 18:56:37', '2024-12-14 18:56:37', 'Active'),
(121, 'Muntaha', 3, 1, 34, '2024-12-14 18:56:37', '2024-12-14 18:56:37', 'Active'),
(122, 'Aysha', 3, 1, 34, '2024-12-14 18:56:37', '2024-12-14 18:56:37', 'Active'),
(123, 'Rihab', 3, 2, 34, '2024-12-14 18:56:37', '2024-12-14 18:56:37', 'Active'),
(124, 'Mamun', 3, 2, 34, '2024-12-14 18:56:37', '2024-12-14 18:56:37', 'Active'),
(125, 'Shakil', 3, 2, 34, '2024-12-14 18:56:37', '2024-12-14 18:56:37', 'Active'),
(126, 'Limon', 3, 2, 34, '2024-12-14 18:56:37', '2024-12-14 18:56:37', 'Active'),
(127, 'Afsana', 4, 1, 7, '2024-12-14 18:56:37', '2024-12-14 18:56:37', 'Active'),
(128, 'Reshma', 4, 1, 7, '2024-12-14 18:56:37', '2024-12-14 18:56:37', 'Active'),
(129, 'Muntaha', 4, 1, 7, '2024-12-14 18:56:37', '2024-12-14 18:56:37', 'Active'),
(130, 'Aysha', 4, 1, 7, '2024-12-14 18:56:37', '2024-12-14 18:56:37', 'Active'),
(131, 'Nusrat', 4, 1, 7, '2024-12-14 18:56:37', '2024-12-14 18:56:37', 'Active'),
(132, 'Akash', 4, 2, 7, '2024-12-14 18:56:37', '2024-12-14 18:56:37', 'Active'),
(133, 'Omar', 4, 2, 7, '2024-12-14 18:56:37', '2024-12-14 18:56:37', 'Active'),
(134, 'Shihab', 4, 2, 7, '2024-12-14 18:56:37', '2024-12-14 18:56:37', 'Active'),
(135, 'Ratul', 4, 2, 7, '2024-12-14 18:56:37', '2024-12-14 18:56:37', 'Active'),
(136, 'Faizan', 4, 2, 7, '2024-12-14 18:56:37', '2024-12-14 18:56:37', 'Active'),
(137, 'Maisha', 4, 1, 8, '2024-12-14 18:56:37', '2024-12-14 18:56:37', 'Active'),
(138, 'Reshma', 4, 1, 8, '2024-12-14 18:56:37', '2024-12-14 18:56:37', 'Active'),
(139, 'Muntaha', 4, 1, 8, '2024-12-14 18:56:37', '2024-12-14 18:56:37', 'Active'),
(140, 'Aysha', 4, 1, 8, '2024-12-14 18:56:37', '2024-12-14 18:56:37', 'Active'),
(141, 'Rihab', 4, 2, 8, '2024-12-14 18:56:37', '2024-12-14 18:56:37', 'Active'),
(142, 'Mamun', 4, 2, 8, '2024-12-14 18:56:37', '2024-12-14 18:56:37', 'Active'),
(143, 'Shakil', 4, 2, 8, '2024-12-14 18:56:37', '2024-12-14 18:56:37', 'Active'),
(144, 'Limon', 4, 2, 8, '2024-12-14 18:56:37', '2024-12-14 18:56:37', 'Active'),
(145, 'Afsana', 4, 1, 35, '2024-12-14 18:56:37', '2024-12-14 18:56:37', 'Active'),
(146, 'Reshma', 4, 1, 35, '2024-12-14 18:56:37', '2024-12-14 18:56:37', 'Active'),
(147, 'Muntaha', 4, 1, 35, '2024-12-14 18:56:37', '2024-12-14 18:56:37', 'Active'),
(148, 'Aysha', 4, 1, 35, '2024-12-14 18:56:37', '2024-12-14 18:56:37', 'Active'),
(149, 'Nusrat', 4, 1, 35, '2024-12-14 18:56:37', '2024-12-14 18:56:37', 'Active'),
(150, 'Akash', 4, 2, 35, '2024-12-14 18:56:37', '2024-12-14 18:56:37', 'Active'),
(151, 'Omar', 4, 2, 35, '2024-12-14 18:56:37', '2024-12-14 18:56:37', 'Active'),
(152, 'Shihab', 4, 2, 35, '2024-12-14 18:56:37', '2024-12-14 18:56:37', 'Active'),
(153, 'Ratul', 4, 2, 35, '2024-12-14 18:56:37', '2024-12-14 18:56:37', 'Active'),
(154, 'Faizan', 4, 2, 35, '2024-12-14 18:56:37', '2024-12-14 18:56:37', 'Active'),
(155, 'Nusrat', 4, 1, 36, '2024-12-14 18:56:37', '2024-12-14 18:56:37', 'Active'),
(156, 'Muntaha', 4, 1, 36, '2024-12-14 18:56:37', '2024-12-14 18:56:37', 'Active'),
(157, 'Riya', 4, 1, 36, '2024-12-14 18:56:37', '2024-12-14 18:56:37', 'Active'),
(158, 'Yeasin', 4, 2, 36, '2024-12-14 18:56:37', '2024-12-14 18:56:37', 'Active'),
(159, 'Rocky', 4, 2, 36, '2024-12-14 18:56:37', '2024-12-14 18:56:37', 'Active'),
(160, 'Nayeem', 4, 2, 36, '2024-12-14 18:56:37', '2024-12-14 18:56:37', 'Active'),
(161, 'Maisha', 4, 1, 52, '2024-12-14 18:56:37', '2024-12-14 18:56:37', 'Active'),
(162, 'Reshma', 4, 1, 52, '2024-12-14 18:56:37', '2024-12-14 18:56:37', 'Active'),
(163, 'Muntaha', 4, 1, 52, '2024-12-14 18:56:37', '2024-12-14 18:56:37', 'Active'),
(164, 'Aysha', 4, 1, 52, '2024-12-14 18:56:37', '2024-12-14 18:56:37', 'Active'),
(165, 'Rihab', 4, 2, 52, '2024-12-14 18:56:37', '2024-12-14 18:56:37', 'Active'),
(166, 'Mamun', 4, 2, 52, '2024-12-14 18:56:37', '2024-12-14 18:56:37', 'Active'),
(167, 'Shakil', 4, 2, 52, '2024-12-14 18:56:37', '2024-12-14 18:56:37', 'Active'),
(168, 'Limon', 4, 2, 52, '2024-12-14 18:56:37', '2024-12-14 18:56:37', 'Active'),
(169, 'Afsana', 5, 1, 9, '2024-12-14 18:56:37', '2024-12-14 18:56:37', 'Active'),
(170, 'Reshma', 5, 1, 9, '2024-12-14 18:56:37', '2024-12-14 18:56:37', 'Active'),
(171, 'Muntaha', 5, 1, 9, '2024-12-14 18:56:37', '2024-12-14 18:56:37', 'Active'),
(172, 'Aysha', 5, 1, 9, '2024-12-14 18:56:37', '2024-12-14 18:56:37', 'Active'),
(173, 'Nusrat', 5, 1, 9, '2024-12-14 18:56:37', '2024-12-14 18:56:37', 'Active'),
(174, 'Akash', 5, 2, 9, '2024-12-14 18:56:37', '2024-12-14 18:56:37', 'Active'),
(175, 'Omar', 5, 2, 9, '2024-12-14 18:56:37', '2024-12-14 18:56:37', 'Active'),
(176, 'Shihab', 5, 2, 9, '2024-12-14 18:56:37', '2024-12-14 18:56:37', 'Active'),
(177, 'Ratul', 5, 2, 9, '2024-12-14 18:56:37', '2024-12-14 18:56:37', 'Active'),
(178, 'Faizan', 5, 2, 9, '2024-12-14 18:56:37', '2024-12-14 18:56:37', 'Active'),
(179, 'Nusrat', 5, 1, 10, '2024-12-14 18:56:37', '2024-12-14 18:56:37', 'Active'),
(180, 'Muntaha', 5, 1, 10, '2024-12-14 18:56:37', '2024-12-14 18:56:37', 'Active'),
(181, 'Riya', 5, 1, 10, '2024-12-14 18:56:37', '2024-12-14 18:56:37', 'Active'),
(182, 'Yeasin', 5, 2, 10, '2024-12-14 18:56:37', '2024-12-14 18:56:37', 'Active'),
(183, 'Rocky', 5, 2, 10, '2024-12-14 18:56:37', '2024-12-14 18:56:37', 'Active'),
(184, 'Nayeem', 5, 2, 10, '2024-12-14 18:56:37', '2024-12-14 18:56:37', 'Active'),
(185, 'Maisha', 5, 1, 25, '2024-12-14 18:56:37', '2024-12-14 18:56:37', 'Active'),
(186, 'Reshma', 5, 1, 25, '2024-12-14 18:56:37', '2024-12-14 18:56:37', 'Active'),
(187, 'Muntaha', 5, 1, 25, '2024-12-14 18:56:37', '2024-12-14 18:56:37', 'Active'),
(188, 'Aysha', 5, 1, 25, '2024-12-14 18:56:37', '2024-12-14 18:56:37', 'Active'),
(189, 'Rihab', 5, 2, 25, '2024-12-14 18:56:37', '2024-12-14 18:56:37', 'Active'),
(190, 'Mamun', 5, 2, 25, '2024-12-14 18:56:37', '2024-12-14 18:56:37', 'Active'),
(191, 'Shakil', 5, 2, 25, '2024-12-14 18:56:37', '2024-12-14 18:56:37', 'Active'),
(192, 'Limon', 5, 2, 25, '2024-12-14 18:56:37', '2024-12-14 18:56:37', 'Active'),
(193, 'Afsana', 5, 1, 37, '2024-12-14 18:56:37', '2024-12-14 18:56:37', 'Active'),
(194, 'Reshma', 5, 1, 37, '2024-12-14 18:56:37', '2024-12-14 18:56:37', 'Active'),
(195, 'Muntaha', 5, 1, 37, '2024-12-14 18:56:37', '2024-12-14 18:56:37', 'Active'),
(196, 'Aysha', 5, 1, 37, '2024-12-14 18:56:37', '2024-12-14 18:56:37', 'Active'),
(197, 'Nusrat', 5, 1, 37, '2024-12-14 18:56:37', '2024-12-14 18:56:37', 'Active'),
(198, 'Akash', 5, 2, 37, '2024-12-14 18:56:37', '2024-12-14 18:56:37', 'Active'),
(199, 'Omar', 5, 2, 37, '2024-12-14 18:56:37', '2024-12-14 18:56:37', 'Active'),
(200, 'Shihab', 5, 2, 37, '2024-12-14 18:56:37', '2024-12-14 18:56:37', 'Active'),
(201, 'Ratul', 5, 2, 37, '2024-12-14 18:56:37', '2024-12-14 18:56:37', 'Active'),
(202, 'Faizan', 5, 2, 37, '2024-12-14 18:56:37', '2024-12-14 18:56:37', 'Active'),
(203, 'Maisha', 5, 1, 38, '2024-12-14 18:56:37', '2024-12-14 18:56:37', 'Active'),
(204, 'Reshma', 5, 1, 38, '2024-12-14 18:56:37', '2024-12-14 18:56:37', 'Active'),
(205, 'Muntaha', 5, 1, 38, '2024-12-14 18:56:37', '2024-12-14 18:56:37', 'Active'),
(206, 'Aysha', 5, 1, 38, '2024-12-14 18:56:37', '2024-12-14 18:56:37', 'Active'),
(207, 'Rihab', 5, 2, 38, '2024-12-14 18:56:37', '2024-12-14 18:56:37', 'Active'),
(208, 'Mamun', 5, 2, 38, '2024-12-14 18:56:37', '2024-12-14 18:56:37', 'Active'),
(209, 'Shakil', 5, 2, 38, '2024-12-14 18:56:37', '2024-12-14 18:56:37', 'Active'),
(210, 'Limon', 5, 2, 38, '2024-12-14 18:56:37', '2024-12-14 18:56:37', 'Active'),
(211, 'Afsana', 6, 1, 11, '2024-12-14 18:56:37', '2024-12-14 18:56:37', 'Active'),
(212, 'Reshma', 6, 1, 11, '2024-12-14 18:56:37', '2024-12-14 18:56:37', 'Active'),
(213, 'Muntaha', 6, 1, 11, '2024-12-14 18:56:37', '2024-12-14 18:56:37', 'Active'),
(214, 'Aysha', 6, 1, 11, '2024-12-14 18:56:37', '2024-12-14 18:56:37', 'Active'),
(215, 'Nusrat', 6, 1, 11, '2024-12-14 18:56:37', '2024-12-14 18:56:37', 'Active'),
(216, 'Akash', 6, 2, 11, '2024-12-14 18:56:37', '2024-12-14 18:56:37', 'Active'),
(217, 'Omar', 6, 2, 11, '2024-12-14 18:56:37', '2024-12-14 18:56:37', 'Active'),
(218, 'Shihab', 6, 2, 11, '2024-12-14 18:56:37', '2024-12-14 18:56:37', 'Active'),
(219, 'Ratul', 6, 2, 11, '2024-12-14 18:56:37', '2024-12-14 18:56:37', 'Active'),
(220, 'Faizan', 6, 2, 11, '2024-12-14 18:56:37', '2024-12-14 18:56:37', 'Active'),
(221, 'Maisha', 6, 1, 12, '2024-12-14 18:56:37', '2024-12-14 18:56:37', 'Active'),
(222, 'Reshma', 6, 1, 12, '2024-12-14 18:56:37', '2024-12-14 18:56:37', 'Active'),
(223, 'Muntaha', 6, 1, 12, '2024-12-14 18:56:37', '2024-12-14 18:56:37', 'Active'),
(224, 'Aysha', 6, 1, 12, '2024-12-14 18:56:37', '2024-12-14 18:56:37', 'Active'),
(225, 'Rihab', 6, 2, 12, '2024-12-14 18:56:37', '2024-12-14 18:56:37', 'Active'),
(226, 'Mamun', 6, 2, 12, '2024-12-14 18:56:37', '2024-12-14 18:56:37', 'Active'),
(227, 'Shakil', 6, 2, 12, '2024-12-14 18:56:37', '2024-12-14 18:56:37', 'Active'),
(228, 'Limon', 6, 2, 12, '2024-12-14 18:56:37', '2024-12-14 18:56:37', 'Active'),
(229, 'Afsana', 6, 1, 39, '2024-12-14 18:56:37', '2024-12-14 18:56:37', 'Active'),
(230, 'Reshma', 6, 1, 39, '2024-12-14 18:56:37', '2024-12-14 18:56:37', 'Active'),
(231, 'Muntaha', 6, 1, 39, '2024-12-14 18:56:37', '2024-12-14 18:56:37', 'Active'),
(232, 'Aysha', 6, 1, 39, '2024-12-14 18:56:37', '2024-12-14 18:56:37', 'Active'),
(233, 'Nusrat', 6, 1, 39, '2024-12-14 18:56:37', '2024-12-14 18:56:37', 'Active'),
(234, 'Akash', 6, 2, 39, '2024-12-14 18:56:37', '2024-12-14 18:56:37', 'Active'),
(235, 'Omar', 6, 2, 39, '2024-12-14 18:56:37', '2024-12-14 18:56:37', 'Active'),
(236, 'Shihab', 6, 2, 39, '2024-12-14 18:56:37', '2024-12-14 18:56:37', 'Active'),
(237, 'Ratul', 6, 2, 39, '2024-12-14 18:56:37', '2024-12-14 18:56:37', 'Active'),
(238, 'Faizan', 6, 2, 39, '2024-12-14 18:56:37', '2024-12-14 18:56:37', 'Active'),
(239, 'Nusrat', 6, 1, 40, '2024-12-14 18:56:37', '2024-12-14 18:56:37', 'Active'),
(240, 'Muntaha', 6, 1, 40, '2024-12-14 18:56:37', '2024-12-14 18:56:37', 'Active'),
(241, 'Riya', 6, 1, 40, '2024-12-14 18:56:37', '2024-12-14 18:56:37', 'Active'),
(242, 'Yeasin', 6, 2, 40, '2024-12-14 18:56:37', '2024-12-14 18:56:37', 'Active'),
(243, 'Rocky', 6, 2, 40, '2024-12-14 18:56:37', '2024-12-14 18:56:37', 'Active'),
(244, 'Nayeem', 6, 2, 40, '2024-12-14 18:56:37', '2024-12-14 18:56:37', 'Active'),
(245, 'Maisha', 6, 1, 53, '2024-12-14 18:56:37', '2024-12-14 18:56:37', 'Active'),
(246, 'Reshma', 6, 1, 53, '2024-12-14 18:56:37', '2024-12-14 18:56:37', 'Active'),
(247, 'Muntaha', 6, 1, 53, '2024-12-14 18:56:37', '2024-12-14 18:56:37', 'Active'),
(248, 'Aysha', 6, 1, 53, '2024-12-14 18:56:37', '2024-12-14 18:56:37', 'Active'),
(249, 'Rihab', 6, 2, 53, '2024-12-14 18:56:37', '2024-12-14 18:56:37', 'Active'),
(250, 'Mamun', 6, 2, 53, '2024-12-14 18:56:37', '2024-12-14 18:56:37', 'Active'),
(251, 'Shakil', 6, 2, 53, '2024-12-14 18:56:37', '2024-12-14 18:56:37', 'Active'),
(252, 'Limon', 6, 2, 53, '2024-12-14 18:56:37', '2024-12-14 18:56:37', 'Active'),
(253, 'Afsana', 7, 1, 13, '2024-12-14 18:56:37', '2024-12-14 18:56:37', 'Active'),
(254, 'Reshma', 7, 1, 13, '2024-12-14 18:56:37', '2024-12-14 18:56:37', 'Active'),
(255, 'Muntaha', 7, 1, 13, '2024-12-14 18:56:37', '2024-12-14 18:56:37', 'Active'),
(256, 'Aysha', 7, 1, 13, '2024-12-14 18:56:37', '2024-12-14 18:56:37', 'Active'),
(257, 'Nusrat', 7, 1, 13, '2024-12-14 18:56:37', '2024-12-14 18:56:37', 'Active'),
(258, 'Akash', 7, 2, 13, '2024-12-14 18:56:37', '2024-12-14 18:56:37', 'Active'),
(259, 'Omar', 7, 2, 13, '2024-12-14 18:56:37', '2024-12-14 18:56:37', 'Active'),
(260, 'Shihab', 7, 2, 13, '2024-12-14 18:56:37', '2024-12-14 18:56:37', 'Active'),
(261, 'Ratul', 7, 2, 13, '2024-12-14 18:56:37', '2024-12-14 18:56:37', 'Active'),
(262, 'Faizan', 7, 2, 13, '2024-12-14 18:56:37', '2024-12-14 18:56:37', 'Active'),
(263, 'Nusrat', 7, 1, 14, '2024-12-14 18:56:37', '2024-12-14 18:56:37', 'Active'),
(264, 'Muntaha', 7, 1, 14, '2024-12-14 18:56:37', '2024-12-14 18:56:37', 'Active'),
(265, 'Riya', 7, 1, 14, '2024-12-14 18:56:37', '2024-12-14 18:56:37', 'Active'),
(266, 'Yeasin', 7, 2, 14, '2024-12-14 18:56:37', '2024-12-14 18:56:37', 'Active'),
(267, 'Rocky', 7, 2, 14, '2024-12-14 18:56:37', '2024-12-14 18:56:37', 'Active'),
(268, 'Nayeem', 7, 2, 14, '2024-12-14 18:56:37', '2024-12-14 18:56:37', 'Active'),
(269, 'Maisha', 7, 1, 26, '2024-12-14 18:56:37', '2024-12-14 18:56:37', 'Active'),
(270, 'Reshma', 7, 1, 26, '2024-12-14 18:56:37', '2024-12-14 18:56:37', 'Active'),
(271, 'Muntaha', 7, 1, 26, '2024-12-14 18:56:37', '2024-12-14 18:56:37', 'Active'),
(272, 'Aysha', 7, 1, 26, '2024-12-14 18:56:37', '2024-12-14 18:56:37', 'Active'),
(273, 'Rihab', 7, 2, 26, '2024-12-14 18:56:37', '2024-12-14 18:56:37', 'Active'),
(274, 'Mamun', 7, 2, 26, '2024-12-14 18:56:37', '2024-12-14 18:56:37', 'Active'),
(275, 'Shakil', 7, 2, 26, '2024-12-14 18:56:37', '2024-12-14 18:56:37', 'Active'),
(276, 'Limon', 7, 2, 26, '2024-12-14 18:56:37', '2024-12-14 18:56:37', 'Active'),
(277, 'Afsana', 7, 1, 41, '2024-12-14 18:56:37', '2024-12-14 18:56:37', 'Active'),
(278, 'Reshma', 7, 1, 41, '2024-12-14 18:56:37', '2024-12-14 18:56:37', 'Active'),
(279, 'Muntaha', 7, 1, 41, '2024-12-14 18:56:37', '2024-12-14 18:56:37', 'Active'),
(280, 'Aysha', 7, 1, 41, '2024-12-14 18:56:37', '2024-12-14 18:56:37', 'Active'),
(281, 'Nusrat', 7, 1, 41, '2024-12-14 18:56:37', '2024-12-14 18:56:37', 'Active'),
(282, 'Akash', 7, 2, 41, '2024-12-14 18:56:37', '2024-12-14 18:56:37', 'Active'),
(283, 'Omar', 7, 2, 41, '2024-12-14 18:56:37', '2024-12-14 18:56:37', 'Active'),
(284, 'Shihab', 7, 2, 41, '2024-12-14 18:56:37', '2024-12-14 18:56:37', 'Active'),
(285, 'Ratul', 7, 2, 41, '2024-12-14 18:56:37', '2024-12-14 18:56:37', 'Active'),
(286, 'Faizan', 7, 2, 41, '2024-12-14 18:56:37', '2024-12-14 18:56:37', 'Active'),
(287, 'Maisha', 7, 1, 42, '2024-12-14 18:56:37', '2024-12-14 18:56:37', 'Active'),
(288, 'Reshma', 7, 1, 42, '2024-12-14 18:56:37', '2024-12-14 18:56:37', 'Active'),
(289, 'Muntaha', 7, 1, 42, '2024-12-14 18:56:37', '2024-12-14 18:56:37', 'Active'),
(290, 'Aysha', 7, 1, 42, '2024-12-14 18:56:37', '2024-12-14 18:56:37', 'Active'),
(291, 'Rihab', 7, 2, 42, '2024-12-14 18:56:37', '2024-12-14 18:56:37', 'Active'),
(292, 'Mamun', 7, 2, 42, '2024-12-14 18:56:37', '2024-12-14 18:56:37', 'Active'),
(293, 'Shakil', 7, 2, 42, '2024-12-14 18:56:37', '2024-12-14 18:56:37', 'Active'),
(294, 'Limon', 7, 2, 42, '2024-12-14 18:56:37', '2024-12-14 18:56:37', 'Active'),
(295, 'Afsana', 8, 1, 15, '2024-12-14 18:56:37', '2024-12-14 18:56:37', 'Active'),
(296, 'Reshma', 8, 1, 15, '2024-12-14 18:56:37', '2024-12-14 18:56:37', 'Active'),
(297, 'Muntaha', 8, 1, 15, '2024-12-14 18:56:37', '2024-12-14 18:56:37', 'Active'),
(298, 'Aysha', 8, 1, 15, '2024-12-14 18:56:37', '2024-12-14 18:56:37', 'Active'),
(299, 'Nusrat', 8, 1, 15, '2024-12-14 18:56:37', '2024-12-14 18:56:37', 'Active'),
(300, 'Akash', 8, 2, 15, '2024-12-14 18:56:37', '2024-12-14 18:56:37', 'Active'),
(301, 'Omar', 8, 2, 15, '2024-12-14 18:56:37', '2024-12-14 18:56:37', 'Active'),
(302, 'Shihab', 8, 2, 15, '2024-12-14 18:56:37', '2024-12-14 18:56:37', 'Active'),
(303, 'Ratul', 8, 2, 15, '2024-12-14 18:56:37', '2024-12-14 18:56:37', 'Active'),
(304, 'Faizan', 8, 2, 15, '2024-12-14 18:56:37', '2024-12-14 18:56:37', 'Active'),
(305, 'Maisha', 8, 1, 16, '2024-12-14 18:56:37', '2024-12-14 18:56:37', 'Active'),
(306, 'Reshma', 8, 1, 16, '2024-12-14 18:56:37', '2024-12-14 18:56:37', 'Active'),
(307, 'Muntaha', 8, 1, 16, '2024-12-14 18:56:37', '2024-12-14 18:56:37', 'Active'),
(308, 'Aysha', 8, 1, 16, '2024-12-14 18:56:37', '2024-12-14 18:56:37', 'Active'),
(309, 'Rihab', 8, 2, 16, '2024-12-14 18:56:37', '2024-12-14 18:56:37', 'Active'),
(310, 'Mamun', 8, 2, 16, '2024-12-14 18:56:37', '2024-12-14 18:56:37', 'Active'),
(311, 'Shakil', 8, 2, 16, '2024-12-14 18:56:37', '2024-12-14 18:56:37', 'Active'),
(312, 'Limon', 8, 2, 16, '2024-12-14 18:56:37', '2024-12-14 18:56:37', 'Active'),
(313, 'Afsana', 8, 1, 43, '2024-12-14 18:56:37', '2024-12-14 18:56:37', 'Active'),
(314, 'Reshma', 8, 1, 43, '2024-12-14 18:56:37', '2024-12-14 18:56:37', 'Active'),
(315, 'Muntaha', 8, 1, 43, '2024-12-14 18:56:37', '2024-12-14 18:56:37', 'Active'),
(316, 'Aysha', 8, 1, 43, '2024-12-14 18:56:37', '2024-12-14 18:56:37', 'Active'),
(317, 'Nusrat', 8, 1, 43, '2024-12-14 18:56:37', '2024-12-14 18:56:37', 'Active'),
(318, 'Akash', 8, 2, 43, '2024-12-14 18:56:37', '2024-12-14 18:56:37', 'Active'),
(319, 'Omar', 8, 2, 43, '2024-12-14 18:56:37', '2024-12-14 18:56:37', 'Active'),
(320, 'Shihab', 8, 2, 43, '2024-12-14 18:56:37', '2024-12-14 18:56:37', 'Active'),
(321, 'Ratul', 8, 2, 43, '2024-12-14 18:56:37', '2024-12-14 18:56:37', 'Active'),
(322, 'Faizan', 8, 2, 43, '2024-12-14 18:56:37', '2024-12-14 18:56:37', 'Active'),
(323, 'Nusrat', 8, 1, 44, '2024-12-14 18:56:37', '2024-12-14 18:56:37', 'Active'),
(324, 'Muntaha', 8, 1, 44, '2024-12-14 18:56:37', '2024-12-14 18:56:37', 'Active'),
(325, 'Riya', 8, 1, 44, '2024-12-14 18:56:37', '2024-12-14 18:56:37', 'Active'),
(326, 'Yeasin', 8, 2, 44, '2024-12-14 18:56:37', '2024-12-14 18:56:37', 'Active'),
(327, 'Rocky', 8, 2, 44, '2024-12-14 18:56:37', '2024-12-14 18:56:37', 'Active'),
(328, 'Nayeem', 8, 2, 44, '2024-12-14 18:56:37', '2024-12-14 18:56:37', 'Active'),
(329, 'Maisha', 8, 1, 54, '2024-12-14 18:56:37', '2024-12-14 18:56:37', 'Active'),
(330, 'Reshma', 8, 1, 54, '2024-12-14 18:56:37', '2024-12-14 18:56:37', 'Active'),
(331, 'Muntaha', 8, 1, 54, '2024-12-14 18:56:37', '2024-12-14 18:56:37', 'Active'),
(332, 'Aysha', 8, 1, 54, '2024-12-14 18:56:37', '2024-12-14 18:56:37', 'Active'),
(333, 'Rihab', 8, 2, 54, '2024-12-14 18:56:37', '2024-12-14 18:56:37', 'Active'),
(334, 'Mamun', 8, 2, 54, '2024-12-14 18:56:37', '2024-12-14 18:56:37', 'Active'),
(335, 'Shakil', 8, 2, 54, '2024-12-14 18:56:37', '2024-12-14 18:56:37', 'Active'),
(336, 'Limon', 8, 2, 54, '2024-12-14 18:56:37', '2024-12-14 18:56:37', 'Active'),
(337, 'Afsana', 9, 1, 17, '2024-12-14 18:56:37', '2024-12-14 18:56:37', 'Active'),
(338, 'Reshma', 9, 1, 17, '2024-12-14 18:56:37', '2024-12-14 18:56:37', 'Active'),
(339, 'Muntaha', 9, 1, 17, '2024-12-14 18:56:37', '2024-12-14 18:56:37', 'Active'),
(340, 'Aysha', 9, 1, 17, '2024-12-14 18:56:37', '2024-12-14 18:56:37', 'Active'),
(341, 'Nusrat', 9, 1, 17, '2024-12-14 18:56:37', '2024-12-14 18:56:37', 'Active'),
(342, 'Akash', 9, 2, 17, '2024-12-14 18:56:37', '2024-12-14 18:56:37', 'Active'),
(343, 'Omar', 9, 2, 17, '2024-12-14 18:56:37', '2024-12-14 18:56:37', 'Active'),
(344, 'Shihab', 9, 2, 17, '2024-12-14 18:56:37', '2024-12-14 18:56:37', 'Active'),
(345, 'Ratul', 9, 2, 17, '2024-12-14 18:56:37', '2024-12-14 18:56:37', 'Active'),
(346, 'Faizan', 9, 2, 17, '2024-12-14 18:56:37', '2024-12-14 18:56:37', 'Active'),
(347, 'Nusrat', 9, 1, 18, '2024-12-14 18:56:37', '2024-12-14 18:56:37', 'Active'),
(348, 'Muntaha', 9, 1, 18, '2024-12-14 18:56:37', '2024-12-14 18:56:37', 'Active'),
(349, 'Riya', 9, 1, 18, '2024-12-14 18:56:37', '2024-12-14 18:56:37', 'Active'),
(350, 'Yeasin', 9, 2, 18, '2024-12-14 18:56:37', '2024-12-14 18:56:37', 'Active'),
(351, 'Rocky', 9, 2, 18, '2024-12-14 18:56:37', '2024-12-14 18:56:37', 'Active'),
(352, 'Nayeem', 9, 2, 18, '2024-12-14 18:56:37', '2024-12-14 18:56:37', 'Active'),
(353, 'Maisha', 9, 1, 27, '2024-12-14 18:56:37', '2024-12-14 18:56:37', 'Active'),
(354, 'Reshma', 9, 1, 27, '2024-12-14 18:56:37', '2024-12-14 18:56:37', 'Active'),
(355, 'Muntaha', 9, 1, 27, '2024-12-14 18:56:37', '2024-12-14 18:56:37', 'Active'),
(356, 'Aysha', 9, 1, 27, '2024-12-14 18:56:37', '2024-12-14 18:56:37', 'Active'),
(357, 'Rihab', 9, 2, 27, '2024-12-14 18:56:37', '2024-12-14 18:56:37', 'Active'),
(358, 'Mamun', 9, 2, 27, '2024-12-14 18:56:37', '2024-12-14 18:56:37', 'Active'),
(359, 'Shakil', 9, 2, 27, '2024-12-14 18:56:37', '2024-12-14 18:56:37', 'Active'),
(360, 'Limon', 9, 2, 27, '2024-12-14 18:56:37', '2024-12-14 18:56:37', 'Active'),
(361, 'Afsana', 9, 1, 45, '2024-12-14 18:56:37', '2024-12-14 18:56:37', 'Active'),
(362, 'Reshma', 9, 1, 45, '2024-12-14 18:56:37', '2024-12-14 18:56:37', 'Active'),
(363, 'Muntaha', 9, 1, 45, '2024-12-14 18:56:37', '2024-12-14 18:56:37', 'Active'),
(364, 'Aysha', 9, 1, 45, '2024-12-14 18:56:37', '2024-12-14 18:56:37', 'Active'),
(365, 'Nusrat', 9, 1, 45, '2024-12-14 18:56:37', '2024-12-14 18:56:37', 'Active'),
(366, 'Akash', 9, 2, 45, '2024-12-14 18:56:37', '2024-12-14 18:56:37', 'Active'),
(367, 'Omar', 9, 2, 45, '2024-12-14 18:56:37', '2024-12-14 18:56:37', 'Active'),
(368, 'Shihab', 9, 2, 45, '2024-12-14 18:56:37', '2024-12-14 18:56:37', 'Active'),
(369, 'Ratul', 9, 2, 45, '2024-12-14 18:56:37', '2024-12-14 18:56:37', 'Active'),
(370, 'Faizan', 9, 2, 45, '2024-12-14 18:56:37', '2024-12-14 18:56:37', 'Active'),
(371, 'Maisha', 9, 1, 46, '2024-12-14 18:56:37', '2024-12-14 18:56:37', 'Active'),
(372, 'Reshma', 9, 1, 46, '2024-12-14 18:56:37', '2024-12-14 18:56:37', 'Active'),
(373, 'Muntaha', 9, 1, 46, '2024-12-14 18:56:37', '2024-12-14 18:56:37', 'Active'),
(374, 'Aysha', 9, 1, 46, '2024-12-14 18:56:37', '2024-12-14 18:56:37', 'Active'),
(375, 'Rihab', 9, 2, 46, '2024-12-14 18:56:37', '2024-12-14 18:56:37', 'Active'),
(376, 'Mamun', 9, 2, 46, '2024-12-14 18:56:37', '2024-12-14 18:56:37', 'Active'),
(377, 'Shakil', 9, 2, 46, '2024-12-14 18:56:37', '2024-12-14 18:56:37', 'Active'),
(378, 'Limon', 9, 2, 46, '2024-12-14 18:56:37', '2024-12-14 18:56:37', 'Active'),
(379, 'Afsana', 10, 1, 19, '2024-12-14 18:56:37', '2024-12-14 18:56:37', 'Active'),
(380, 'Reshma', 10, 1, 19, '2024-12-14 18:56:37', '2024-12-14 18:56:37', 'Active'),
(381, 'Muntaha', 10, 1, 19, '2024-12-14 18:56:37', '2024-12-14 18:56:37', 'Active'),
(382, 'Aysha', 10, 1, 19, '2024-12-14 18:56:37', '2024-12-14 18:56:37', 'Active'),
(383, 'Nusrat', 10, 1, 19, '2024-12-14 18:56:37', '2024-12-14 18:56:37', 'Active'),
(384, 'Akash', 10, 2, 19, '2024-12-14 18:56:37', '2024-12-14 18:56:37', 'Active'),
(385, 'Omar', 10, 2, 19, '2024-12-14 18:56:37', '2024-12-14 18:56:37', 'Active'),
(386, 'Shihab', 10, 2, 19, '2024-12-14 18:56:37', '2024-12-14 18:56:37', 'Active'),
(387, 'Ratul', 10, 2, 19, '2024-12-14 18:56:37', '2024-12-14 18:56:37', 'Active'),
(388, 'Faizan', 10, 2, 19, '2024-12-14 18:56:37', '2024-12-14 18:56:37', 'Active'),
(389, 'Maisha', 10, 1, 20, '2024-12-14 18:56:37', '2024-12-14 18:56:37', 'Active'),
(390, 'Reshma', 10, 1, 20, '2024-12-14 18:56:37', '2024-12-14 18:56:37', 'Active'),
(391, 'Muntaha', 10, 1, 20, '2024-12-14 18:56:37', '2024-12-14 18:56:37', 'Active'),
(392, 'Aysha', 10, 1, 20, '2024-12-14 18:56:37', '2024-12-14 18:56:37', 'Active'),
(393, 'Rihab', 10, 2, 20, '2024-12-14 18:56:37', '2024-12-14 18:56:37', 'Active'),
(394, 'Mamun', 10, 2, 20, '2024-12-14 18:56:37', '2024-12-14 18:56:37', 'Active'),
(395, 'Shakil', 10, 2, 20, '2024-12-14 18:56:37', '2024-12-14 18:56:37', 'Active'),
(396, 'Limon', 10, 2, 20, '2024-12-14 18:56:37', '2024-12-14 18:56:37', 'Active'),
(397, 'Afsana', 10, 1, 47, '2024-12-14 18:56:37', '2024-12-14 18:56:37', 'Active'),
(398, 'Reshma', 10, 1, 47, '2024-12-14 18:56:37', '2024-12-14 18:56:37', 'Active'),
(399, 'Muntaha', 10, 1, 47, '2024-12-14 18:56:37', '2024-12-14 18:56:37', 'Active'),
(400, 'Aysha', 10, 1, 47, '2024-12-14 18:56:37', '2024-12-14 18:56:37', 'Active'),
(401, 'Nusrat', 10, 1, 47, '2024-12-14 18:56:37', '2024-12-14 18:56:37', 'Active'),
(402, 'Akash', 10, 2, 47, '2024-12-14 18:56:37', '2024-12-14 18:56:37', 'Active'),
(403, 'Omar', 10, 2, 47, '2024-12-14 18:56:37', '2024-12-14 18:56:37', 'Active'),
(404, 'Shihab', 10, 2, 47, '2024-12-14 18:56:37', '2024-12-14 18:56:37', 'Active'),
(405, 'Ratul', 10, 2, 47, '2024-12-14 18:56:37', '2024-12-14 18:56:37', 'Active'),
(406, 'Faizan', 10, 2, 47, '2024-12-14 18:56:37', '2024-12-14 18:56:37', 'Active'),
(407, 'Nusrat', 10, 1, 48, '2024-12-14 18:56:37', '2024-12-14 18:56:37', 'Active'),
(408, 'Muntaha', 10, 1, 48, '2024-12-14 18:56:37', '2024-12-14 18:56:37', 'Active'),
(409, 'Riya', 10, 1, 48, '2024-12-14 18:56:37', '2024-12-14 18:56:37', 'Active'),
(410, 'Yeasin', 10, 2, 48, '2024-12-14 18:56:37', '2024-12-14 18:56:37', 'Active'),
(411, 'Rocky', 10, 2, 48, '2024-12-14 18:56:37', '2024-12-14 18:56:37', 'Active'),
(412, 'Nayeem', 10, 2, 48, '2024-12-14 18:56:37', '2024-12-14 18:56:37', 'Active'),
(413, 'Maisha', 10, 1, 55, '2024-12-14 18:56:37', '2024-12-14 18:56:37', 'Active'),
(414, 'Reshma', 10, 1, 55, '2024-12-14 18:56:37', '2024-12-14 18:56:37', 'Active'),
(415, 'Muntaha', 10, 1, 55, '2024-12-14 18:56:37', '2024-12-14 18:56:37', 'Active'),
(416, 'Aysha', 10, 1, 55, '2024-12-14 18:56:37', '2024-12-14 18:56:37', 'Active'),
(417, 'Rihab', 10, 2, 55, '2024-12-14 18:56:37', '2024-12-14 18:56:37', 'Active'),
(418, 'Mamun', 10, 2, 55, '2024-12-14 18:56:37', '2024-12-14 18:56:37', 'Active'),
(419, 'Shakil', 10, 2, 55, '2024-12-14 18:56:37', '2024-12-14 18:56:37', 'Active'),
(420, 'Limon', 10, 2, 55, '2024-12-14 18:56:37', '2024-12-14 18:56:37', 'Active'),
(421, 'Afsana', 11, 1, 21, '2024-12-14 18:56:37', '2024-12-14 18:56:37', 'Active'),
(422, 'Reshma', 11, 1, 21, '2024-12-14 18:56:37', '2024-12-14 18:56:37', 'Active'),
(423, 'Muntaha', 11, 1, 21, '2024-12-14 18:56:37', '2024-12-14 18:56:37', 'Active'),
(424, 'Aysha', 11, 1, 21, '2024-12-14 18:56:37', '2024-12-14 18:56:37', 'Active'),
(425, 'Nusrat', 11, 1, 21, '2024-12-14 18:56:37', '2024-12-14 18:56:37', 'Active'),
(426, 'Akash', 11, 2, 21, '2024-12-14 18:56:37', '2024-12-14 18:56:37', 'Active'),
(427, 'Omar', 11, 2, 21, '2024-12-14 18:56:37', '2024-12-14 18:56:37', 'Active'),
(428, 'Shihab', 11, 2, 21, '2024-12-14 18:56:37', '2024-12-14 18:56:37', 'Active'),
(429, 'Ratul', 11, 2, 21, '2024-12-14 18:56:37', '2024-12-14 18:56:37', 'Active'),
(430, 'Faizan', 11, 2, 21, '2024-12-14 18:56:37', '2024-12-14 18:56:37', 'Active'),
(431, 'Nusrat', 11, 1, 22, '2024-12-14 18:56:37', '2024-12-14 18:56:37', 'Active'),
(432, 'Muntaha', 11, 1, 22, '2024-12-14 18:56:37', '2024-12-14 18:56:37', 'Active'),
(433, 'Riya', 11, 1, 22, '2024-12-14 18:56:37', '2024-12-14 18:56:37', 'Active'),
(434, 'Yeasin', 11, 2, 22, '2024-12-14 18:56:37', '2024-12-14 18:56:37', 'Active'),
(435, 'Rocky', 11, 2, 22, '2024-12-14 18:56:37', '2024-12-14 18:56:37', 'Active'),
(436, 'Nayeem', 11, 2, 22, '2024-12-14 18:56:37', '2024-12-14 18:56:37', 'Active'),
(437, 'Maisha', 11, 1, 28, '2024-12-14 18:56:37', '2024-12-14 18:56:37', 'Active'),
(438, 'Reshma', 11, 1, 28, '2024-12-14 18:56:37', '2024-12-14 18:56:37', 'Active'),
(439, 'Muntaha', 11, 1, 28, '2024-12-14 18:56:37', '2024-12-14 18:56:37', 'Active'),
(440, 'Aysha', 11, 1, 28, '2024-12-14 18:56:37', '2024-12-14 18:56:37', 'Active'),
(441, 'Rihab', 11, 2, 28, '2024-12-14 18:56:37', '2024-12-14 18:56:37', 'Active'),
(442, 'Mamun', 11, 2, 28, '2024-12-14 18:56:37', '2024-12-14 18:56:37', 'Active'),
(443, 'Shakil', 11, 2, 28, '2024-12-14 18:56:37', '2024-12-14 18:56:37', 'Active'),
(444, 'Limon', 11, 2, 28, '2024-12-14 18:56:37', '2024-12-14 18:56:37', 'Active'),
(445, 'Afsana', 11, 1, 49, '2024-12-14 18:56:37', '2024-12-14 18:56:37', 'Active'),
(446, 'Reshma', 11, 1, 49, '2024-12-14 18:56:37', '2024-12-14 18:56:37', 'Active'),
(447, 'Muntaha', 11, 1, 49, '2024-12-14 18:56:37', '2024-12-14 18:56:37', 'Active'),
(448, 'Aysha', 11, 1, 49, '2024-12-14 18:56:37', '2024-12-14 18:56:37', 'Active'),
(449, 'Nusrat', 11, 1, 49, '2024-12-14 18:56:37', '2024-12-14 18:56:37', 'Active'),
(450, 'Akash', 11, 2, 49, '2024-12-14 18:56:37', '2024-12-14 18:56:37', 'Active'),
(451, 'Omar', 11, 2, 49, '2024-12-14 18:56:37', '2024-12-14 18:56:37', 'Active'),
(452, 'Shihab', 11, 2, 49, '2024-12-14 18:56:37', '2024-12-14 18:56:37', 'Active'),
(453, 'Ratul', 11, 2, 49, '2024-12-14 18:56:37', '2024-12-14 18:56:37', 'Active'),
(454, 'Faizan', 11, 2, 49, '2024-12-14 18:56:37', '2024-12-14 18:56:37', 'Active'),
(455, 'Maisha', 11, 1, 50, '2024-12-14 18:56:37', '2024-12-14 18:56:37', 'Active'),
(456, 'Reshma', 11, 1, 50, '2024-12-14 18:56:37', '2024-12-14 18:56:37', 'Active'),
(457, 'Muntaha', 11, 1, 50, '2024-12-14 18:56:37', '2024-12-14 18:56:37', 'Active'),
(458, 'Aysha', 11, 1, 50, '2024-12-14 18:56:37', '2024-12-14 18:56:37', 'Active'),
(459, 'Rihab', 11, 2, 50, '2024-12-14 18:56:37', '2024-12-14 18:56:37', 'Active'),
(460, 'Mamun', 11, 2, 50, '2024-12-14 18:56:37', '2024-12-14 18:56:37', 'Active'),
(461, 'Shakil', 11, 2, 50, '2024-12-14 18:56:37', '2024-12-14 18:56:37', 'Active'),
(462, 'Limon', 11, 2, 50, '2024-12-14 18:56:37', '2024-12-14 18:56:37', 'Active');

-- --------------------------------------------------------

--
-- Table structure for table `subjects`
--

CREATE TABLE `subjects` (
  `id` int(11) NOT NULL,
  `subject_name` varchar(255) NOT NULL,
  `subject_code` int(11) NOT NULL,
  `modified_at` timestamp NOT NULL DEFAULT current_timestamp() ON UPDATE current_timestamp(),
  `created_at` timestamp NOT NULL DEFAULT current_timestamp()
) ENGINE=InnoDB DEFAULT CHARSET=utf8mb4 COLLATE=utf8mb4_general_ci;

--
-- Dumping data for table `subjects`
--

INSERT INTO `subjects` (`id`, `subject_name`, `subject_code`, `modified_at`, `created_at`) VALUES
(1, 'Bangla', 255, '2024-12-14 19:19:53', '2024-12-14 19:19:53'),
(2, 'English', 245, '2024-12-14 19:20:05', '2024-12-14 19:20:05'),
(3, 'Math', 234, '2024-12-14 19:20:25', '2024-12-14 19:20:25');

--
-- Indexes for dumped tables
--

--
-- Indexes for table `classes`
--
ALTER TABLE `classes`
  ADD PRIMARY KEY (`id`);

--
-- Indexes for table `class_sections`
--
ALTER TABLE `class_sections`
  ADD PRIMARY KEY (`id`);

--
-- Indexes for table `class_shift`
--
ALTER TABLE `class_shift`
  ADD PRIMARY KEY (`id`);

--
-- Indexes for table `results`
--
ALTER TABLE `results`
  ADD PRIMARY KEY (`result_id`),
  ADD KEY `student_id` (`student_id`),
  ADD KEY `subject_id` (`subject_id`);

--
-- Indexes for table `site_settings`
--
ALTER TABLE `site_settings`
  ADD PRIMARY KEY (`id`),
  ADD UNIQUE KEY `tag` (`tag`);

--
-- Indexes for table `students`
--
ALTER TABLE `students`
  ADD PRIMARY KEY (`id`);

--
-- Indexes for table `subjects`
--
ALTER TABLE `subjects`
  ADD PRIMARY KEY (`id`);

--
-- AUTO_INCREMENT for dumped tables
--

--
-- AUTO_INCREMENT for table `classes`
--
ALTER TABLE `classes`
  MODIFY `id` int(11) NOT NULL AUTO_INCREMENT, AUTO_INCREMENT=12;

--
-- AUTO_INCREMENT for table `class_sections`
--
ALTER TABLE `class_sections`
  MODIFY `id` int(11) NOT NULL AUTO_INCREMENT, AUTO_INCREMENT=56;

--
-- AUTO_INCREMENT for table `class_shift`
--
ALTER TABLE `class_shift`
  MODIFY `id` int(11) NOT NULL AUTO_INCREMENT, AUTO_INCREMENT=3;

--
-- AUTO_INCREMENT for table `results`
--
ALTER TABLE `results`
  MODIFY `result_id` int(11) NOT NULL AUTO_INCREMENT, AUTO_INCREMENT=37;

--
-- AUTO_INCREMENT for table `site_settings`
--
ALTER TABLE `site_settings`
  MODIFY `id` int(1) NOT NULL AUTO_INCREMENT, AUTO_INCREMENT=24;

--
-- AUTO_INCREMENT for table `students`
--
ALTER TABLE `students`
  MODIFY `id` int(11) NOT NULL AUTO_INCREMENT, AUTO_INCREMENT=463;

--
-- AUTO_INCREMENT for table `subjects`
--
ALTER TABLE `subjects`
  MODIFY `id` int(11) NOT NULL AUTO_INCREMENT, AUTO_INCREMENT=4;

--
-- Constraints for dumped tables
--

--
-- Constraints for table `results`
--
ALTER TABLE `results`
  ADD CONSTRAINT `results_ibfk_1` FOREIGN KEY (`student_id`) REFERENCES `students` (`id`) ON DELETE CASCADE,
  ADD CONSTRAINT `results_ibfk_2` FOREIGN KEY (`subject_id`) REFERENCES `subjects` (`id`) ON DELETE CASCADE;
COMMIT;

/*!40101 SET CHARACTER_SET_CLIENT=@OLD_CHARACTER_SET_CLIENT */;
/*!40101 SET CHARACTER_SET_RESULTS=@OLD_CHARACTER_SET_RESULTS */;
/*!40101 SET COLLATION_CONNECTION=@OLD_COLLATION_CONNECTION */;
